Rank,Page
1,Indian Premier League
2,The Kerala Story
3,2023 Indian Premier League
4,Robert De Niro
5,ChatGPT
6,Eurovision Song Contest 2023
7,Charlotte of Mecklenburg-Strelitz
8,Guardians of the Galaxy Vol. 3
9,George III
10,Wikipedia:Featured pictures
11,Lonnie Walker IV
12,Facebook
13,YouTube
14,Charles III
15,Hannah Waddingham
16,Cleopatra
17,Instagram
18,2023 Southeast Asian Games
19,J. Robert Oppenheimer
20,Deaths in 2023
21,Queen Victoria
22,Elizabeth II
23,Queen Charlotte: A Bridgerton Story
24,E. Jean Carroll
25,Connor Bedard
26,Grace Hightower
27,Oppenheimer (film)
28,UEFA Champions League
29,Imran Khan
30,Mother's Day
31,Hasbulla
32,Adipurush
33,Sex
34,George IV
35,Evil Dead Rise
36,Real Madrid CF
37,Diahnne Abbott
38,George VI
39,William IV
40,"William, Prince of Wales"
41,Manchester City F.C.
42,George V
43,Google Translate
44,Night of Champions (2023)
45,LeBron James
46,The Super Mario Bros. Movie
47,Meg 2: The Trench
48,Succession (TV series)
49,"Princess Alexandra, The Honourable Lady Ogilvy"
50,2023 Karnataka Legislative Assembly election
